1,4.308666666666667,5.28
2,4.237,5.17
3,4.220666666666666,5.11
4,4.171,5.0
5,4.028,4.85
6,3.969,4.62
7,3.8699999999999997,4.5
8,3.79,4.39
9,3.7889999999999993,4.27
10,3.741333333333333,4.15
11,3.7383333333333337,3.7
12,3.708,3.86
13,3.6460000000000004,3.81
14,3.4746666666666663,3.7
15,3.3943333333333343,3.73
16,3.328,3.64
17,3.2799999999999994,3.62
18,3.2196666666666665,3.26
19,3.161666666666666,3.47
20,3.103333333333333,2.99
21,2.982666666666666,3.12
22,2.922333333333333,2.88
23,2.866,2.88
24,2.8193333333333332,2.91
25,2.7419999999999995,2.87
26,2.6633333333333327,3.15
27,2.689333333333333,3.06
28,2.5886666666666667,3.05
29,2.548,3.01
30,2.499666666666667,2.99
31,2.4763333333333337,2.82
32,2.4836666666666662,2.73
33,2.4996666666666667,2.38
34,2.4853333333333336,2.39
35,2.4710000000000005,2.68
36,2.4253333333333336,2.61
37,2.388999999999999,2.66
38,2.3043333333333336,2.65
39,2.2636666666666665,2.71
40,2.306,2.52
41,2.2343333333333333,2.48
42,2.1493333333333333,2.37
43,2.1153333333333335,2.34
44,2.0313333333333334,2.34
45,2.0053333333333336,2.27
46,2.014333333333333,2.23
47,2.005,2.15
48,2.0226666666666664,2.1
49,1.977,1.96
50,1.9799999999999998,1.83
51,1.978,1.79
52,1.9866666666666666,1.74
53,1.9876666666666662,1.72
54,1.9803333333333333,1.89
55,1.9986666666666664,2.02
56,2.0,2.08
57,1.9899999999999995,2.01
58,1.9966666666666666,2.02
59,1.9666666666666666,1.97
60,1.9140000000000001,1.97
61,1.9120000000000001,1.87
62,1.9273333333333336,1.83
63,1.9333333333333331,1.86
64,1.960333333333333,1.96
65,1.9623333333333328,2.06
66,1.9680000000000002,2.09
67,1.9793333333333334,2.11
68,1.983666666666667,2.14
69,2.0073333333333334,2.18
70,2.006666666666667,2.27
71,2.0119999999999996,2.24
72,2.0256666666666665,2.0
73,2.0503333333333336,1.78
74,2.0500000000000003,1.9
75,2.0643333333333334,2.13
76,2.0683333333333334,2.39
77,2.0736666666666665,2.45
78,2.1100000000000003,
79,2.1380000000000003,
80,2.1443333333333334,
81,2.1583333333333328,
82,2.2323333333333335,
83,2.2546666666666666,
84,2.29,
85,2.2980000000000005,
86,2.3086666666666664,
87,2.3436666666666666,
88,2.3826666666666667,
89,2.4179999999999997,
90,2.452999999999999,
91,2.4649999999999994,
92,2.4949999999999997,
93,2.5189999999999992,
94,2.558333333333333,
95,2.614,
96,2.6510000000000002,
97,2.6930000000000005,
98,2.739666666666667,
99,2.8370000000000006,
100,2.8893333333333326,
101,2.9396666666666667,
102,3.016666666666667,
103,3.1283333333333343,
104,3.2333333333333334,
105,3.265333333333333,
106,3.3400000000000007,
107,3.4419999999999997,
108,3.5099999999999993,
109,3.5746666666666673,
110,3.637666666666667,
111,3.711666666666667,
112,3.788333333333333,
113,3.8680000000000003,
114,3.917333333333334,
115,3.9180000000000006,
116,4.009666666666666,
117,4.107666666666666,
118,4.186,
119,4.245666666666666,
120,4.425,
121,4.611000000000001,
122,4.737,
123,4.882000000000001,
124,5.015666666666667,
125,5.1783333333333355,
126,5.333333333333332,
127,5.461333333333332,
128,5.547,
129,5.687333333333334,
130,5.806666666666667,
131,5.892,
132,5.9769999999999985,
133,6.098333333333334,
134,6.272666666666667,
135,6.522666666666666,
136,6.676333333333334,
137,6.820333333333334,
138,7.012333333333333,
139,7.201999999999999,
140,7.435999999999999,
141,7.653333333333334,
142,7.843,
143,8.07,
144,8.332333333333334,
145,8.577,
146,8.847,
147,9.159666666666668,
148,9.531,
149,9.868666666666666,
150,10.154333333333337,
151,10.341666666666665,
152,10.520000000000001,
153,10.720333333333333,
154,10.888,
155,11.074,
156,11.356666666666664,
157,11.699666666666667,
158,12.075666666666667,
159,12.38533333333333,
160,12.624666666666663,
161,12.92333333333333,
162,13.270999999999997,
163,13.560000000000002,
164,13.758000000000001,
165,13.927666666666665,
166,14.158666666666669,
167,14.410000000000002,
168,14.696999999999997,
169,15.011333333333335,
170,15.368333333333332,
171,15.730333333333329,
172,16.052,
173,16.339,
174,16.639,
175,16.945666666666668,
176,17.327333333333332,
177,17.66433333333333,
178,17.785999999999998,
179,18.011333333333333,
180,18.191333333333336,
181,18.32633333333333,
182,18.437333333333335,
183,18.508666666666663,
184,18.701999999999998,
185,18.958333333333332,
186,19.17233333333333,
187,19.328999999999997,
188,19.521333333333335,
189,19.650666666666666,
190,19.781666666666663,
191,19.87066666666667,
192,19.993333333333332,
193,20.103999999999996,
194,20.334000000000003,
195,20.587333333333333,
196,20.759666666666664,
197,20.874000000000002,
198,21.073666666666664,
199,21.18733333333333,
200,21.252999999999997,
201,21.297333333333327,
202,21.35033333333333,
203,21.461999999999996,
204,21.550333333333334,
205,21.603333333333335,
206,21.624000000000006,
207,21.714666666666666,
208,21.771333333333338,
209,21.817333333333334,
210,21.848000000000003,
211,21.941,
212,22.09966666666667,
213,22.296333333333333,
214,22.383999999999997,
215,22.455,
216,22.601666666666667,
217,22.61633333333334,
218,22.563,
219,22.488666666666667,
220,22.51366666666667,
221,22.577,
222,22.584999999999997,
223,22.545,
224,22.546666666666667,
225,22.520333333333333,
226,22.479333333333333,
227,22.465,
228,22.496999999999996,
229,22.469666666666672,
230,22.410000000000004,
231,22.264,
232,22.192999999999998,
233,22.173333333333332,
234,22.07866666666666,
235,21.997999999999998,
236,21.954,
237,21.913000000000004,
238,21.91533333333333,
239,21.872333333333334,
240,21.827333333333335,
241,21.76,
242,21.699666666666662,
243,21.651999999999994,
244,21.570999999999994,
245,21.548999999999996,
246,21.499333333333336,
247,21.487333333333332,
248,21.466,
249,21.37333333333333,
250,21.25766666666667,
251,21.119666666666664,
252,20.94266666666667,
253,20.733666666666668,
254,20.530666666666665,
255,20.356666666666666,
256,20.23633333333333,
257,20.100666666666665,
258,19.99,
259,19.857666666666667,
260,19.744666666666667,
261,19.656999999999996,
262,19.542333333333332,
263,19.388,
264,19.245333333333335,
265,19.081333333333337,
266,18.923666666666666,
267,18.798333333333336,
268,18.657333333333334,
269,18.502000000000002,
270,18.377333333333333,
271,18.249666666666666,
272,18.046,
273,17.837333333333333,
274,17.592000000000002,
275,17.42133333333333,
276,17.198999999999998,
277,17.011333333333333,
278,16.832000000000004,
279,16.644333333333336,
280,16.460666666666665,
281,16.255333333333333,
282,16.051,
283,15.867333333333333,
284,15.704333333333336,
285,15.488666666666667,
286,15.291,
287,15.08733333333333,
288,14.816666666666665,
289,14.565666666666665,
290,14.328666666666667,
291,14.085,
292,13.848333333333333,
293,13.66933333333333,
294,13.47733333333333,
295,13.252,
296,13.041,
297,12.845666666666663,
298,12.682000000000004,
299,12.504,
300,12.32266666666667,
301,12.126000000000003,
302,11.937000000000001,
303,11.766666666666671,
304,11.563,
305,11.395666666666665,
306,11.207333333333333,
307,10.999,
308,10.834999999999999,
309,10.696666666666669,
310,10.556,
311,10.415333333333333,
312,10.287666666666665,
313,10.152666666666667,
314,9.995666666666665,
315,9.860666666666669,
316,9.732333333333333,
317,9.573333333333334,
318,9.40533333333333,
319,9.25733333333333,
320,9.126666666666667,
321,8.984000000000004,
322,8.845,
323,8.706,
324,8.568999999999999,
325,8.441,
326,8.322666666666668,
327,8.211666666666666,
328,8.118,
329,8.015,
330,7.902666666666668,
331,7.771000000000002,
332,7.613666666666666,
333,7.484666666666667,
334,7.376666666666667,
335,7.28,
336,7.156333333333333,
337,7.021333333333333,
338,6.900999999999999,
339,6.767333333333334,
340,6.658666666666667,
341,6.556333333333332,
342,6.463333333333336,
343,6.3389999999999995,
344,6.232000000000001,
345,6.127666666666668,
346,6.0393333333333326,
347,5.965333333333334,
348,5.898666666666666,
349,5.796000000000001,
350,5.683000000000001,
351,5.603666666666667,
352,5.506333333333334,
353,5.444666666666666,
354,5.377333333333335,
355,5.28,
356,5.238666666666666,
357,5.1146666666666665,
358,5.075000000000001,
359,4.961666666666667,
360,4.8773333333333335,
361,4.799333333333334,
362,4.742333333333334,
363,4.710999999999999,
364,4.537666666666666,
365,4.4556666666666676,
366,,
