1,3.979999999999999,5.42
2,3.8953333333333333,5.3
3,3.8649999999999998,5.2
4,3.8343333333333334,5.12
5,3.7913333333333337,5.06
6,3.680333333333333,4.86
7,3.6333333333333333,4.69
8,3.5556666666666663,4.56
9,3.5576666666666674,4.38
10,3.487333333333333,4.32
11,3.426666666666667,4.23
12,3.340333333333334,4.16
13,3.2563333333333326,4.13
14,3.1550000000000002,3.96
15,3.094666666666667,3.92
16,3.0413333333333337,3.88
17,2.9846666666666675,3.92
18,2.9069999999999996,3.84
19,2.8606666666666665,3.6
20,2.7943333333333333,3.29
21,2.6933333333333342,3.0
22,2.642,2.98
23,2.5816666666666674,2.86
24,2.547333333333334,2.83
25,2.477666666666667,2.83
26,2.38,2.85
27,2.408333333333333,2.92
28,2.311,2.95
29,2.2716666666666665,2.94
30,2.24,2.86
31,2.1976666666666675,2.87
32,2.192,2.73
33,2.180333333333334,2.66
34,2.1426666666666665,2.77
35,2.1006666666666667,2.62
36,2.084,2.6
37,2.052333333333334,2.67
38,2.036666666666667,2.57
39,1.9959999999999998,2.5
40,1.9940000000000002,2.34
41,1.9773333333333334,2.32
42,1.945,2.3
43,1.935,2.16
44,1.8676666666666668,2.12
45,1.8450000000000002,2.06
46,1.8416666666666666,2.04
47,1.7910000000000001,1.99
48,1.7653333333333334,1.91
49,1.7376666666666665,1.76
50,1.7476666666666667,1.66
51,1.75,1.7
52,1.7709999999999997,1.7
53,1.7493333333333332,1.75
54,1.7513333333333334,1.77
55,1.7436666666666667,1.88
56,1.7200000000000002,1.96
57,1.7289999999999996,1.87
58,1.7373333333333334,1.89
59,1.7390000000000003,1.93
60,1.700666666666667,1.9
61,1.6913333333333336,1.73
62,1.6863333333333335,1.93
63,1.6720000000000002,1.98
64,1.6840000000000002,2.02
65,1.689,2.06
66,1.6973333333333334,2.04
67,1.6936666666666667,2.05
68,1.694333333333333,2.13
69,1.7270000000000003,2.18
70,1.7366666666666668,2.2
71,1.7566666666666668,2.21
72,1.7786666666666666,2.2
73,1.8009999999999997,2.28
74,1.8153333333333337,2.23
75,1.841666666666667,2.13
76,1.8766666666666667,2.29
77,1.9006666666666667,2.38
78,1.9256666666666662,
79,1.9439999999999993,
80,1.9203333333333334,
81,1.944,
82,1.9876666666666667,
83,2.010666666666667,
84,2.022666666666667,
85,2.0446666666666666,
86,2.0443333333333333,
87,2.0543333333333336,
88,2.085666666666667,
89,2.1136666666666666,
90,2.1439999999999997,
91,2.1693333333333333,
92,2.197666666666667,
93,2.240333333333333,
94,2.2803333333333335,
95,2.3639999999999994,
96,2.4496666666666664,
97,2.508666666666666,
98,2.5349999999999993,
99,2.5773333333333337,
100,2.6300000000000003,
101,2.6836666666666664,
102,2.765333333333334,
103,2.8143333333333334,
104,2.8606666666666665,
105,2.9306666666666663,
106,3.0323333333333333,
107,3.092333333333333,
108,3.1599999999999993,
109,3.238333333333334,
110,3.300333333333333,
111,3.374333333333333,
112,3.420666666666667,
113,3.5013333333333336,
114,3.581000000000001,
115,3.6870000000000003,
116,3.7719999999999994,
117,3.854,
118,3.9353333333333333,
119,4.050333333333334,
120,4.134333333333332,
121,4.222333333333334,
122,4.311999999999999,
123,4.413,
124,4.518000000000001,
125,4.613333333333333,
126,4.695000000000001,
127,4.8116666666666665,
128,4.936000000000001,
129,5.028666666666667,
130,5.140666666666665,
131,5.217333333333333,
132,5.347666666666667,
133,5.492000000000001,
134,5.648000000000001,
135,5.765333333333334,
136,5.8803333333333345,
137,6.0053333333333345,
138,6.1916666666666655,
139,6.348333333333333,
140,6.472666666666665,
141,6.6350000000000025,
142,6.812333333333332,
143,6.9913333333333325,
144,7.1819999999999995,
145,7.401333333333333,
146,7.591666666666667,
147,7.840333333333334,
148,8.111,
149,8.352,
150,8.585333333333333,
151,8.837333333333335,
152,9.084666666666669,
153,9.264666666666667,
154,9.43833333333333,
155,9.658666666666667,
156,9.906,
157,10.158,
158,10.377999999999998,
159,10.648666666666667,
160,10.950333333333333,
161,11.212999999999997,
162,11.419333333333334,
163,11.54933333333333,
164,11.793333333333333,
165,12.006,
166,12.262666666666664,
167,12.466,
168,12.75733333333333,
169,13.127666666666668,
170,13.421,
171,13.804666666666666,
172,14.095999999999998,
173,14.359666666666667,
174,14.778666666666663,
175,15.159000000000002,
176,15.440666666666667,
177,15.597333333333333,
178,15.845333333333327,
179,16.16933333333333,
180,16.349999999999998,
181,16.608000000000004,
182,16.713666666666665,
183,16.870666666666665,
184,17.153333333333332,
185,17.39333333333333,
186,17.565999999999995,
187,17.77966666666667,
188,17.993333333333336,
189,18.176333333333332,
190,18.384333333333334,
191,18.534333333333336,
192,18.654333333333334,
193,18.904,
194,19.191000000000006,
195,19.40433333333333,
196,19.592,
197,19.807666666666666,
198,19.97933333333333,
199,20.117666666666665,
200,20.170333333333335,
201,20.236,
202,20.334666666666667,
203,20.46333333333333,
204,20.503333333333334,
205,20.54866666666667,
206,20.65966666666667,
207,20.722,
208,20.779000000000003,
209,20.84866666666666,
210,20.919999999999998,
211,21.069333333333326,
212,21.230999999999998,
213,21.34233333333333,
214,21.408333333333335,
215,21.51199999999999,
216,21.563,
217,21.56566666666666,
218,21.570666666666668,
219,21.645666666666664,
220,21.7,
221,21.695666666666668,
222,21.658999999999995,
223,21.62866666666667,
224,21.556999999999995,
225,21.505000000000003,
226,21.493666666666673,
227,21.531000000000002,
228,21.50066666666667,
229,21.433999999999994,
230,21.37066666666666,
231,21.349000000000004,
232,21.305666666666674,
233,21.232666666666663,
234,21.163999999999994,
235,21.169999999999998,
236,21.163333333333334,
237,21.158666666666665,
238,21.154666666666667,
239,21.16200000000001,
240,21.13533333333333,
241,21.098666666666663,
242,21.003333333333334,
243,20.913999999999998,
244,20.913333333333334,
245,20.878999999999994,
246,20.851,
247,20.782666666666664,
248,20.733666666666657,
249,20.627666666666666,
250,20.46733333333333,
251,20.305666666666664,
252,20.188333333333333,
253,20.054333333333332,
254,19.872,
255,19.73333333333333,
256,19.54433333333333,
257,19.38,
258,19.224,
259,19.092,
260,18.970333333333333,
261,18.849666666666668,
262,18.72333333333334,
263,18.608333333333334,
264,18.520333333333337,
265,18.355,
266,18.161000000000005,
267,17.973999999999997,
268,17.83633333333334,
269,17.694000000000006,
270,17.538666666666664,
271,17.363000000000003,
272,17.159333333333333,
273,16.95466666666666,
274,16.781000000000002,
275,16.604333333333336,
276,16.41266666666667,
277,16.216,
278,16.054999999999996,
279,15.884333333333338,
280,15.697,
281,15.514000000000001,
282,15.342333333333332,
283,15.207999999999997,
284,15.064666666666666,
285,14.886333333333333,
286,14.647333333333329,
287,14.398666666666665,
288,14.166000000000004,
289,13.956666666666669,
290,13.722333333333331,
291,13.542333333333335,
292,13.378999999999996,
293,13.175,
294,12.98666666666667,
295,12.811333333333334,
296,12.648333333333337,
297,12.475666666666665,
298,12.283,
299,12.126333333333331,
300,11.975333333333335,
301,11.815666666666663,
302,11.65,
303,11.480333333333334,
304,11.326333333333332,
305,11.175666666666665,
306,11.002999999999998,
307,10.849333333333334,
308,10.727,
309,10.598999999999998,
310,10.48666666666667,
311,10.356333333333332,
312,10.213333333333333,
313,10.077666666666666,
314,9.922333333333333,
315,9.766666666666664,
316,9.606666666666666,
317,9.428666666666665,
318,9.259333333333336,
319,9.11166666666667,
320,8.955000000000002,
321,8.783999999999999,
322,8.625666666666666,
323,8.485999999999999,
324,8.363666666666665,
325,8.252666666666666,
326,8.130333333333333,
327,8.020666666666667,
328,7.893666666666666,
329,7.773666666666667,
330,7.6466666666666665,
331,7.528666666666666,
332,7.407000000000001,
333,7.276999999999999,
334,7.1336666666666675,
335,7.013666666666667,
336,6.902333333333335,
337,6.772333333333333,
338,6.664666666666666,
339,6.553666666666667,
340,6.423000000000003,
341,6.340000000000001,
342,6.253333333333333,
343,6.114333333333333,
344,5.985666666666666,
345,5.875666666666667,
346,5.775666666666666,
347,5.680666666666666,
348,5.578333333333333,
349,5.532,
350,5.381000000000001,
351,5.334,
352,5.186999999999999,
353,5.125333333333332,
354,5.034666666666666,
355,4.922333333333333,
356,4.857333333333333,
357,4.727666666666666,
358,4.691999999999999,
359,4.594666666666669,
360,4.511000000000001,
361,4.438000000000001,
362,4.33,
363,4.342666666666667,
364,4.174666666666667,
365,4.09,
366,,
